{
  "overall": {
    "k_10": {
      "precision": 0.2733333333333333,
      "recall": 0.2522701198581318,
      "f1_score": 0.1854997374545206,
      "mrr": 0.3002380952380952,
      "map": 0.1150668531343717,
      "ndcg": 0.2866943769469005
    }
  },
  "by_type": {
    "exact": {
      "k_10": {
        "precision": 0.06666666666666667,
        "recall": 0.5,
        "f1_score": 0.11616161616161617,
        "count": 3
      }
    },
    "semantic": {
      "k_10": {
        "precision": 0.20000000000000004,
        "recall": 0.06666666666666667,
        "f1_score": 0.10000000000000002,
        "count": 3
      }
    },
    "session": {
      "k_10": {
        "precision": 0.3666666666666667,
        "recall": 0.38333333333333336,
        "f1_score": 0.371969696969697,
        "count": 3
      }
    },
    "actor": {
      "k_10": {
        "precision": 0.43333333333333335,
        "recall": 0.17777777777777778,
        "f1_score": 0.25000000000000006,
        "count": 3
      }
    },
    "temporal": {
      "k_10": {
        "precision": 0.3,
        "recall": 0.13357282151288105,
        "f1_score": 0.08936737414128985,
        "count": 3
      }
    }
  }
}